{
  "objective": "multiclass",
  "metric": "multi_logloss",
  "num_class": 5,
  "n_estimators": 1000,
  "learning_rate": 0.012731227321853588,
  "num_leaves": 162,
  "max_depth": 16,
  "min_child_samples": 54,
  "subsample": 0.879951795565571,
  "colsample_bytree": 0.5684116896189672,
  "reg_alpha": 0.6306019494089059,
  "reg_lambda": 0.33268917112416174,
  "class_weight": "balanced",
  "random_state": 42,
  "n_jobs": -1,
  "verbosity": -1,
  "min_child_weight": 0.0065519217615028,
  "subsample_freq": 6,
  "min_split_gain": 0.5774275673482835,
  "cat_l2": 29.391971081615505,
  "cat_smooth": 4.826311585369262,
  "max_cat_to_onehot": 4,
  "max_bin": 127
}