{
  "objective": "multiclass",
  "metric": "multi_logloss",
  "num_class": 5,
  "n_estimators": 800,
  "learning_rate": 0.11734467524414678,
  "num_leaves": 145,
  "max_depth": 12,
  "min_child_samples": 40,
  "subsample": 0.5756101031709575,
  "colsample_bytree": 0.8004512732980479,
  "reg_alpha": 1.6407066902053756e-06,
  "reg_lambda": 4.496437984648438e-08,
  "class_weight": "balanced",
  "random_state": 42,
  "n_jobs": -1,
  "verbosity": -1,
  "min_child_weight": 0.0032506907773711246,
  "subsample_freq": 5,
  "min_split_gain": 0.010651589231737452,
  "cat_l2": 13.411559582039997,
  "cat_smooth": 15.468033000689324,
  "max_cat_to_onehot": 4,
  "max_bin": 255
}